<?xml version="1.0" encoding="UTF-8"?>
<project-private xmlns="http://www.netbeans.org/ns/project-private/1">
    <editor-bookmarks xmlns="http://www.netbeans.org/ns/editor-bookmarks/2" lastBookmarkId="0"/>
    <open-files xmlns="http://www.netbeans.org/ns/projectui-open-files/2">
        <group>
            <file>file:/Users/arberdemhasaj/NetBeansProjects/JavaGUI/src/Job/AddNewEmploye.java</file>
            <file>file:/Users/arberdemhasaj/NetBeansProjects/JavaGUI/src/Job/Employe.java</file>
            <file>file:/Users/arberdemhasaj/NetBeansProjects/JavaGUI/src/Job/Menu.java</file>
            <file>file:/Users/arberdemhasaj/NetBeansProjects/JavaGUI/src/Job/GUIVideo.java</file>
            <file>file:/Users/arberdemhasaj/NetBeansProjects/JavaGUI/src/Job/Job.java</file>
            <file>file:/Users/arberdemhasaj/NetBeansProjects/JavaGUI/src/Job/AddNewJob.java</file>
            <file>file:/Users/arberdemhasaj/NetBeansProjects/JavaGUI/src/Job/EditEmploye.java</file>
        </group>
    </open-files>
</project-private>
